0,a,b,m,f(a),f(b),f(m),erR,errRP
1,3.0,-3.0,0.0,0.023428518761418715,-0.023612929751889222,-3.0,1,100
2,3.0,0.0,1.5,-0.023612929751889222,-3.0,-1.8808462959021466,1.0,100.0
